,[run number],sidewalk_width,pedestrian_flow,disabled-proportion,bus_stop_type,second,average_speed,density,mean_delay,mean_delay_disabled,mean_delay_non_disabled,total_conflict_incidents,mean_conflict_disabled,mean_conflict_non_disabled
0,3,4,500,0.05,bus flag,180,0.9301485620000001,0.05,1.7601106030000002,2.2282192309999997,1.72543589,166,9.5,5.444444444
1,4,4,500,0.05,bus flag,180,0.6749540559999999,0.083333333,1.4284889330000001,0.398548051,1.593279475,150,4.25,5.32
2,5,4,500,0.05,bus flag,180,0.667111301,0.075,1.901051016,1.2908783640000001,2.084102812,135,4.166666667,5.5
3,7,4,500,0.05,bus flag,180,0.661274861,0.075,3.854095454,0.0,3.854095454,166,0.0,5.928571429
4,8,4,500,0.05,bus flag,180,0.435659746,0.091666667,2.7513594789999996,0.0,2.7513594789999996,138,0.0,5.1111111110000005
5,2,4,500,0.05,bus flag,180,0.47323266,0.1,2.093921655,0.6340658920000001,2.499437145,123,5.2,5.3888888889999995
6,6,4,500,0.05,bus flag,180,0.519218625,0.141666667,2.750394932,1.7151885130000002,2.793528532,176,4.0,7.166666667
7,10,4,500,0.05,bus flag,180,0.537317129,0.033333333,2.234763562,2.0825586680000003,2.278250674,199,6.625,5.214285714
8,9,4,500,0.05,bus flag,180,0.42319009,0.125,2.496534701,2.821374801,2.434660396,145,9.25,5.1428571430000005
9,12,4,500,0.05,backing road,180,0.582353484,0.11666666699999999,2.9693635119999997,3.128126038,2.934082951,114,3.75,5.5
10,13,4,500,0.05,backing road,180,0.487360926,0.1,2.463815945,2.895373572,2.391889673,148,6.0,5.166666667
11,15,4,500,0.05,backing road,180,0.649567661,0.083333333,2.201967825,2.220107391,2.200624153,180,9.0,6.0
12,18,4,500,0.05,backing road,180,0.7355333940000001,0.1,3.6431052010000005,2.429221745,3.7731641430000002,219,7.333333333,7.035714286
13,20,4,500,0.05,backing road,180,0.334177908,0.11666666699999999,3.0748276569999997,1.567892314,3.4515614930000003,120,5.25,6.1875
14,19,4,500,0.05,backing road,180,0.589680781,0.091666667,4.951773993,3.4237981339999997,5.347915883,294,10.57142857,8.148148147999999
15,17,4,500,0.05,backing road,180,0.309094188,0.2,4.082618806,1.48383586,4.2354883910000005,103,6.0,5.705882353
16,16,4,500,0.05,backing road,180,0.327825822,0.166666667,14.68244248,12.30179114,14.852489000000002,324,12.5,10.67857143
17,21,4,500,0.05,backing footway,180,0.30728918899999996,0.15,3.2408255660000003,2.668697623,3.318843013,133,7.333333333,5.045454545
18,1,4,500,0.05,bus flag,180,0.43468221100000004,0.175,7.594613365,1.349391029,8.531396715,224,9.333333332999999,9.8
19,22,4,500,0.05,backing footway,180,0.7620866390000001,0.11666666699999999,2.8890342589999998,1.30600663,2.952355365,137,8.0,5.16
20,23,4,500,0.05,backing footway,180,0.43386683600000003,0.15,4.687431996,7.69298132,4.212871576,87,8.333333332999999,3.263157895
21,25,4,500,0.05,backing footway,180,0.324666757,0.066666667,2.601874352,1.624210374,2.8191330139999997,157,5.333333333,4.62962963
22,26,4,500,0.05,backing footway,180,0.427062379,0.11666666699999999,2.239424103,1.535593147,2.335401051,102,6.0,3.8181818180000002
23,24,4,500,0.05,backing footway,180,0.453449481,0.091666667,2.98380981,3.170083445,2.9645401239999996,207,11.66666667,5.9310344829999995
24,11,4,500,0.05,backing road,180,0.23427188699999998,0.291666667,12.78217305,4.251697903999999,13.3508714,196,7.0,12.6
25,27,4,500,0.05,backing footway,180,0.5244082520000001,0.066666667,4.507740952,4.9029431510000006,4.392473644,190,6.857142857,5.916666667
26,30,4,500,0.05,backing footway,180,0.764684767,0.075,2.592829703,0.988629199,2.846124519,81,2.0,3.947368421
27,28,4,500,0.05,backing footway,180,0.408350812,0.108333333,3.6179656330000003,3.550830815,3.628707204,183,9.75,5.76
28,14,4,500,0.05,backing road,180,0.144227164,0.308333333,13.8730117,6.304061279,14.95429033,76,21.0,7.857142857
29,32,4,500,0.05,backing building,180,0.9662439629999999,0.075,2.438779307,2.15643206,2.4971959790000002,226,7.833333333,6.172413793
30,31,4,500,0.05,backing building,180,0.6087540029999999,0.083333333,3.151607453,7.20618141,2.881302523,219,7.0,6.833333333
31,29,4,500,0.05,backing footway,180,0.5471275560000001,0.083333333,4.567250354,3.576617593,4.70876932,197,6.25,6.142857143
32,33,4,500,0.05,backing building,180,0.716796135,0.1,4.234833951000001,1.8577094769999998,4.995513783,235,6.5,7.32
33,34,4,500,0.05,backing building,180,0.924543357,0.05,2.2919440580000003,1.947291035,2.371479371,175,6.5,5.230769231
34,35,4,500,0.05,backing building,180,0.603109453,0.075,2.68002938,3.2655992169999997,2.440478084,225,9.222222222000001,6.454545455
35,40,4,500,0.05,backing building,180,0.773395665,0.058333333,1.141361251,0.91195028,1.174134247,105,4.333333333,4.380952381
36,38,4,500,0.05,backing building,180,0.7263875129999999,0.05,2.382334776,3.529249311,2.297378144,178,10.0,5.851851852
37,39,4,500,0.05,backing building,180,0.441691336,0.075,3.230747167,1.948273383,3.401743672,265,9.75,7.533333333
38,36,4,500,0.05,backing building,180,0.37202085700000004,0.133333333,7.614020781000001,5.176122414,8.331049712,176,9.2,7.647058824
39,37,4,500,0.05,backing building,180,0.45144976299999995,0.15833333300000002,12.20859173,14.80083873,11.50161528,360,15.0,12.27272727
40,3,4,1000,0.05,bus flag,180,0.7434797670000001,0.091666667,2.119902304,2.400798161,2.057481002,366,10.125,7.916666667
41,6,4,1000,0.05,bus flag,180,0.413550349,0.15833333300000002,4.156100336000001,3.635811385,4.23614479,430,11.66666667,9.230769231
42,7,4,1000,0.05,bus flag,180,0.664736287,0.15,5.098051129,7.054942003,4.837132346000001,610,17.66666667,11.2
43,8,4,1000,0.05,bus flag,180,0.57538357,0.21666666699999998,5.071590543,7.091321627999999,4.847175978,584,13.8,11.44444444
44,2,4,1000,0.05,bus flag,180,0.43849124799999994,0.15833333300000002,7.383016585,4.330966185,7.774305097999999,469,12.4,10.43589744
45,4,4,1000,0.05,bus flag,180,0.7423253679999999,0.241666667,5.4341641439999995,3.686714486,5.8480338,566,13.44444444,11.71052632
46,1,4,1000,0.05,bus flag,180,0.419041056,0.19166666699999999,2.616451569,1.707799237,2.775465727,433,11.28571429,8.85
47,10,4,1000,0.05,bus flag,180,0.40676651700000005,0.166666667,4.530768376,11.791111599999999,3.157189929,422,14.85714286,8.594594595
48,9,4,1000,0.05,bus flag,180,0.617767548,0.241666667,11.39740302,5.177001981,12.51388526,647,14.85714286,13.92307692
49,5,4,1000,0.05,bus flag,180,0.21814672699999998,0.308333333,10.84584501,10.24833766,10.90559575,397,14.66666667,11.76666667
50,17,4,1000,0.05,backing road,180,0.525343419,0.15,8.33619315,9.126553216,8.237398141,595,14.4,13.075
51,18,4,1000,0.05,backing road,180,0.277639756,0.3,5.651315792999999,4.653145205,5.850949911,277,8.2,9.44
52,20,4,1000,0.05,backing road,180,0.472441874,0.2,7.389206362,3.309988203,7.624545872000001,766,14.66666667,13.88461538
53,13,4,1000,0.05,backing road,180,0.195360368,0.525,3.8937981980000003,5.547890146,3.5393499239999997,157,15.33333333,7.928571429
54,11,4,1000,0.05,backing road,180,0.185385517,0.5,7.162859891,15.38985915,6.575217086,205,42.0,11.64285714
55,14,4,1000,0.05,backing road,180,0.197019986,0.46666666700000003,19.90123543,20.77103159,19.43734415,447,28.875,14.4
56,16,4,1000,0.05,backing road,180,0.21196813899999997,0.441666667,10.57987271,7.725186279,11.21424748,362,23.75,14.83333333
57,23,4,1000,0.05,backing footway,180,0.304500134,0.308333333,8.569133295,5.342902415,8.908736546,518,16.0,11.94736842
58,22,4,1000,0.05,backing footway,180,0.303139008,0.275,10.38532515,12.35526042,9.848070071,483,15.66666667,10.36363636
59,15,4,1000,0.05,backing road,180,0.146586152,0.46666666700000003,5.173497463,7.141524782,3.992681072,77,17.33333333,5.0
60,26,4,1000,0.05,backing footway,180,0.43299883200000006,0.18333333300000001,7.954680811,8.219246325,7.893153947999999,628,13.1,11.55813953
61,28,4,1000,0.05,backing footway,180,0.41331499,0.175,4.624023721,2.548347095,4.943358587,375,9.333333332999999,8.179487179
62,12,4,1000,0.05,backing road,180,0.19242527899999998,0.6,32.85418443,9.241467773,40.72508998,226,25.33333333,16.66666667
63,24,4,1000,0.05,backing footway,180,0.186119397,0.46666666700000003,6.155578748,4.301475022,6.773613322999999,167,8.4,8.333333332999999
64,32,4,1000,0.05,backing building,180,0.376856267,0.166666667,4.656931072,3.987276238,4.742418923,676,17.83333333,12.10638298
65,21,4,1000,0.05,backing footway,180,0.154751835,0.591666667,11.93547243,7.144610949,12.67252804,170,10.5,11.46153846
66,19,4,1000,0.05,backing road,180,0.17004398399999998,0.6333333329999999,9.723911577,3.65502545,10.9376888,60,14.0,9.2
67,31,4,1000,0.05,backing building,180,0.256533456,0.433333333,4.649688234,9.710447288,3.525075111,386,17.33333333,10.44444444
68,34,4,1000,0.05,backing building,180,0.460233104,0.15833333300000002,5.290188444,3.6660029869999997,5.443413487000001,740,12.8,12.75471698
69,33,4,1000,0.05,backing building,180,0.24885423399999998,0.26666666699999997,4.841692795,3.647051522,4.944090618,438,15.66666667,11.17142857
70,36,4,1000,0.05,backing building,180,0.49239882,0.18333333300000001,7.480003722,6.206491067000001,7.666371428,645,14.83333333,13.56097561
71,27,4,1000,0.05,backing footway,180,0.256114104,0.566666667,5.466053766,6.468872877999999,4.893014273,109,13.25,8.0
72,35,4,1000,0.05,backing building,180,0.323025401,0.291666667,4.176047972,3.024122067,4.455302737,456,13.75,10.48484848
73,37,4,1000,0.05,backing building,180,0.224767474,0.283333333,5.914684077,9.97890845,4.898627983,478,16.125,10.90625
74,38,4,1000,0.05,backing building,180,0.514397985,0.21666666699999998,7.717393511,6.019162071,8.109293074,690,14.66666667,14.30769231
75,39,4,1000,0.05,backing building,180,0.210004043,0.36666666700000006,6.597057717999999,6.3333574829999995,6.691989802,428,15.0,11.72
76,40,4,1000,0.05,backing building,180,0.272042767,0.375,5.968516567999999,9.843729245,5.087786414,303,15.2,10.31818182
77,29,4,1000,0.05,backing footway,180,0.177080707,0.483333333,42.10674027,48.88690297,40.16955093,499,26.66666667,16.14285714
78,25,4,1000,0.05,backing footway,180,0.14273659,0.583333333,10.05920558,9.779289523,10.45108806,253,28.42857143,10.8
79,30,4,1000,0.05,backing footway,180,0.212719126,0.5083333329999999,36.44651477,7.62155893,42.85206051,167,23.0,13.44444444
80,7,4,1500,0.05,bus flag,180,0.579408028,0.21666666699999998,7.868244651,6.534845832999999,8.043116628,1159,21.375,16.19672131
81,4,4,1500,0.05,bus flag,180,0.56751724,0.25,6.85307819,3.314913277,7.232167287999999,829,13.33333333,13.375
82,8,4,1500,0.05,bus flag,180,0.29376170100000004,0.35,5.204110163,3.618235339,5.463028501,803,16.5,13.69387755
83,6,4,1500,0.05,bus flag,180,0.25623474399999996,0.36666666700000006,10.36568421,6.890535625,11.03113819,957,20.0,16.53191489
84,2,4,1500,0.05,bus flag,180,0.444222615,0.325,16.96181404,18.54156659,16.55847297,1295,27.66666667,20.4893617
85,10,4,1500,0.05,bus flag,180,0.735363161,0.225,7.797157382000001,5.724549807000001,8.173995122000001,988,16.8,14.90909091
86,5,4,1500,0.05,bus flag,180,0.191378651,0.6416666670000001,5.96549495,8.579671983999999,5.424630736,626,29.5,15.48275862
87,14,4,1500,0.05,backing road,180,0.292760052,0.291666667,7.274416472,6.241860982,7.45399134,840,21.125,14.58695652
88,9,4,1500,0.05,bus flag,180,0.22314243600000003,0.6083333329999999,6.387451713,8.471275263999999,5.692843862999999,497,24.625,12.5
89,3,4,1500,0.05,bus flag,180,0.17205093899999999,0.85,10.7440752,2.034877124,11.57352263,366,11.5,16.33333333
90,15,4,1500,0.05,backing road,180,0.208413994,0.5166666670000001,8.771932975,7.621276832,9.04809045,535,23.5,15.76
91,1,4,1500,0.05,bus flag,180,0.20015279100000002,0.691666667,11.33458409,9.947104795,11.69653521,515,19.83333333,17.2173913
92,13,4,1500,0.05,backing road,180,0.16537836,0.666666667,10.13776429,13.46747911,8.962570825,435,28.83333333,15.41176471
93,11,4,1500,0.05,backing road,180,0.164110738,0.725,7.142245417000001,8.158067722,6.877248294,471,24.33333333,14.13043478
94,17,4,1500,0.05,backing road,180,0.189780292,0.5,6.590531982999999,5.931714689,6.722295441,429,17.66666667,10.76666667
95,16,4,1500,0.05,backing road,180,0.193787431,0.666666667,5.564651867,7.05173819,5.251581062,280,18.75,10.78947368
96,20,4,1500,0.05,backing road,180,0.19492895699999999,0.5,8.508421389,8.836672217,8.38291372,772,20.53846154,14.85294118
97,12,4,1500,0.05,backing road,180,0.183504313,0.841666667,5.463337264,7.559581435,5.08220196,161,17.5,11.45454545
98,21,4,1500,0.05,backing footway,180,0.189990269,0.683333333,8.838450363,12.77318851,7.362923557,304,21.66666667,10.875
99,24,4,1500,0.05,backing footway,180,0.17699680399999998,0.583333333,12.7335772,10.50932525,13.28964018,515,23.83333333,15.5
100,19,4,1500,0.05,backing road,180,0.18617783100000002,0.7333333329999999,10.48773232,13.08609437,9.968059912000001,214,39.0,13.6
101,22,4,1500,0.05,backing footway,180,0.18477360399999998,0.725,8.850091895,17.26566087,5.789884997000001,236,34.75,8.818181818
102,26,4,1500,0.05,backing footway,180,0.220383772,0.658333333,10.69863324,12.11430293,10.42638907,479,20.4,14.5
103,18,4,1500,0.05,backing road,180,0.16839833199999998,0.95,7.826129816,10.36119107,5.291068559,271,43.2,11.0
104,23,4,1500,0.05,backing footway,180,0.172955332,0.808333333,13.95603379,22.7330977,9.56750183,257,44.25,10.0
105,31,4,1500,0.05,backing building,180,0.436910026,0.241666667,5.1927646460000005,2.9840922930000002,5.413631881000001,696,14.4,12.48
106,25,4,1500,0.05,backing footway,180,0.188893659,0.783333333,9.021714332,8.318507633,10.193725500000001,129,20.4,9.0
107,30,4,1500,0.05,backing footway,180,0.156774039,0.583333333,7.955532702,9.124252601,7.546480737,332,15.0,11.35
108,34,4,1500,0.05,backing building,180,0.318709024,0.45833333299999995,9.848420382,8.018994212,10.15332474,874,22.71428571,17.02380952
109,36,4,1500,0.05,backing building,180,0.34301538299999995,0.291666667,9.936315915,9.829456797999999,9.960602077999999,920,18.7,16.65909091
110,27,4,1500,0.05,backing footway,180,0.15665584400000002,0.8,5.238131801000001,15.06997433,4.344327935,157,36.0,11.0
111,39,4,1500,0.05,backing building,180,0.296717623,0.35,9.989777177,6.40073224,10.4683165,800,18.33333333,15.33333333
112,32,4,1500,0.05,backing building,180,0.143868524,0.716666667,8.923159982,7.437000026000001,10.57444882,414,29.1,13.66666667
113,35,4,1500,0.05,backing building,180,0.18810393399999997,0.775,9.694203951,7.760122872999999,10.88440769,431,26.5,16.84615385
114,28,4,1500,0.05,backing footway,180,0.139911452,0.791666667,8.399256858,12.02344723,4.0502284060000004,251,35.0,8.2
115,40,4,1500,0.05,backing building,180,0.18510364699999998,0.6166666670000001,8.33361488,11.62841958,7.509913704,736,26.5,16.375
116,33,4,1500,0.05,backing building,180,0.176959914,0.833333333,5.677987535,5.890389466,5.5363862489999995,232,39.0,12.66666667
117,29,4,1500,0.05,backing footway,180,0.154085545,0.8583333329999999,12.60272972,14.75337967,6.150779896,127,40.33333333,6.0
118,38,4,1500,0.05,backing building,180,0.187613316,0.8,6.742365541,5.025461132,7.386204694,386,21.83333333,15.9375
119,37,4,1500,0.05,backing building,180,0.18349877,0.8,10.09182077,7.336030591,10.64297881,191,17.5,15.6
120,7,6,1000,0.05,bus flag,180,0.624716742,0.094444444,1.4890712190000002,1.1577635929999999,1.5206243259999999,250,8.25,5.166666667
121,1,6,1000,0.05,bus flag,180,0.37676866299999995,0.12222222199999999,2.316682766,2.033605721,2.394528953,335,7.545454545,6.3
122,6,6,1000,0.05,bus flag,180,0.497679559,0.11666666699999999,2.583894182,2.480027968,2.591313197,473,12.0,7.589285714
123,8,6,1000,0.05,bus flag,180,0.49270882,0.088888889,2.838596841,4.728373341,2.550325849,642,13.22222222,8.86440678
124,5,6,1000,0.05,bus flag,180,0.438025056,0.13888888900000002,1.808437655,0.9260373609999999,1.94881952,327,6.857142857,6.340909091
125,4,6,1000,0.05,bus flag,180,0.592869204,0.111111111,3.1902852999999998,2.97803981,3.2134393539999997,430,7.333333333,7.0181818179999995
126,9,6,1000,0.05,bus flag,180,0.402406803,0.144444444,2.995135457,2.023306303,3.1315325310000004,541,8.125,8.350877192999999
127,10,6,1000,0.05,bus flag,180,0.46683590799999997,0.111111111,4.4091796610000005,2.194772225,4.76348485,512,8.625,8.86
128,14,6,1000,0.05,backing road,180,0.588885621,0.111111111,2.538561185,2.464986299,2.554327232,427,10.33333333,7.952380952
129,13,6,1000,0.05,backing road,180,0.593243155,0.12222222199999999,3.25656646,7.402403465,2.7158051110000003,415,11.83333333,7.47826087
130,3,6,1000,0.05,bus flag,180,0.685771253,0.13888888900000002,4.817146698,1.872753416,5.1020879830000005,652,13.33333333,9.225806452
131,2,6,1000,0.05,bus flag,180,0.425580411,0.13888888900000002,7.012761126,2.933754777,7.565846733,808,13.125,11.91525424
132,12,6,1000,0.05,backing road,180,0.465776032,0.13888888900000002,3.7028128380000003,2.445155734,3.8600199760000002,672,15.0,10.125
133,11,6,1000,0.05,backing road,180,0.3454183,0.194444444,8.205076716,3.377037749,8.936597771,500,11.2,13.45454545
134,16,6,1000,0.05,backing road,180,0.643170672,0.133333333,2.80371496,3.0916669960000003,2.759414647,345,8.833333332999999,7.487179487000001
135,18,6,1000,0.05,backing road,180,0.532630134,0.061111110999999996,2.980525169,1.151080205,3.135562878,631,8.8,9.949152542
136,21,6,1000,0.05,backing footway,180,0.6304179520000001,0.111111111,3.1355209239999997,4.120781873,2.971310766,573,10.55555556,8.851851852000001
137,20,6,1000,0.05,backing road,180,0.5149982329999999,0.194444444,3.109124574,1.3494194869999998,3.4196607660000002,281,6.333333333,7.147058824
138,23,6,1000,0.05,backing footway,180,0.584763467,0.088888889,3.613443635,3.065423736,3.8099035989999996,792,12.73684211,10.37735849
139,17,6,1000,0.05,backing road,180,0.394976916,0.166666667,6.051790625,2.508917827,6.618650272000001,655,9.375,11.6
140,24,6,1000,0.05,backing footway,180,0.443909275,0.15,3.3819820939999996,5.184969157,3.1941709410000003,486,13.0,8.770833332999999
141,26,6,1000,0.05,backing footway,180,0.414625787,0.11666666699999999,2.844487613,2.718797405,2.863824568,579,13.0,9.134615385
142,22,6,1000,0.05,backing footway,180,0.346163389,0.144444444,3.9452428569999998,2.741308855,4.161950977,597,10.88888889,9.98
143,15,6,1000,0.05,backing road,180,0.40281907200000006,0.18888888899999998,6.739298777,2.8923017960000004,7.7576215070000005,445,10.77777778,10.23529412
144,25,6,1000,0.05,backing footway,180,0.562542797,0.12222222199999999,3.5699138230000003,5.430729075,3.239102223,432,11.625,7.533333333
145,27,6,1000,0.05,backing footway,180,0.725084829,0.133333333,3.371311888,5.495446072999999,2.970531853,659,15.2,9.566037736
146,30,6,1000,0.05,backing footway,180,0.8037894259999999,0.11666666699999999,2.253057791,1.299121613,2.327876315,431,8.75,7.764705882
147,31,6,1000,0.05,backing building,180,0.354769811,0.105555556,3.091980762,3.98702507,2.951581655,491,11.0,7.901960784
148,29,6,1000,0.05,backing footway,180,0.552097817,0.11666666699999999,3.891270615,5.791032992000001,3.726073887,364,12.75,6.804347826
149,28,6,1000,0.05,backing footway,180,0.541595687,0.17222222199999998,3.379264091,2.39785527,3.45715368,627,10.4,9.126984127
150,33,6,1000,0.05,backing building,180,0.604908171,0.133333333,3.306636492,1.21228371,3.605829747,537,8.714285713999999,9.714285713999999
151,32,6,1000,0.05,backing building,180,0.45833564,0.161111111,3.4064647480000003,2.374832424,3.693029283,404,11.7,7.972222222
152,34,6,1000,0.05,backing building,180,0.48120877700000003,0.161111111,2.953845831,1.716310807,3.1788521989999996,498,11.0,9.318181818
153,36,6,1000,0.05,backing building,180,0.353846182,0.11666666699999999,4.178234119,4.379449941,4.15483693,441,12.0,8.860465116
154,38,6,1000,0.05,backing building,180,0.7882856490000001,0.13888888900000002,2.999511444,2.5554368519999997,3.132733822,437,11.33333333,7.525
155,35,6,1000,0.05,backing building,180,0.5295647920000001,0.17222222199999998,3.654089255,5.603266842000001,3.041490584,424,11.09090909,8.628571428999999
156,37,6,1000,0.05,backing building,180,0.480829399,0.166666667,5.093279469,1.220824029,5.885372627000001,463,6.666666667,9.159090909
157,39,6,1000,0.05,backing building,180,0.55882308,0.166666667,2.3653451430000003,2.208452105,2.393237239,425,10.75,7.533333333
158,19,6,1000,0.05,backing road,180,0.348402111,0.238888889,9.320719209,2.245356321,9.609509531,676,16.5,13.12244898
159,40,6,1000,0.05,backing building,180,0.527271584,0.105555556,9.529577833,11.90003306,9.168856384,538,13.57142857,9.630434783
160,2,6,1500,0.05,bus flag,180,0.6179248620000001,0.15,2.130495324,2.362487894,2.093671107,646,9.1,8.80952381
161,4,6,1500,0.05,bus flag,180,0.59784071,0.15555555599999998,2.798168364,2.114563818,2.912102454,953,15.08333333,10.72222222
162,3,6,1500,0.05,bus flag,180,0.50210674,0.15555555599999998,3.7437838489999997,2.440621794,4.00793832,983,13.4,10.56756757
163,1,6,1500,0.05,bus flag,180,0.424149758,0.12222222199999999,5.525286993,13.21014394,4.537233957,921,19.11111111,10.7
164,6,6,1500,0.05,bus flag,180,0.622438181,0.2,5.04181368,8.358273612,4.453409499,839,16.45454545,10.61290323
165,5,6,1500,0.05,bus flag,180,0.43168062100000004,0.18888888899999998,6.091713171,6.016480108,6.104643854,974,20.0,11.78125
166,9,6,1500,0.05,bus flag,180,0.7663472370000001,0.161111111,2.192025609,0.813511278,2.318994035,806,13.0,9.407894737000001
167,10,6,1500,0.05,bus flag,180,0.90690954,0.144444444,3.03933507,3.609334708,2.954260497,730,13.1,8.940298507
168,7,6,1500,0.05,bus flag,180,0.642862146,0.17222222199999998,5.984100936,7.733925225,5.567476106,979,14.73333333,12.03174603
169,11,6,1500,0.05,backing road,180,0.55540923,0.17222222199999998,4.752635821,4.977138547,4.72457298,1059,17.88888889,12.47222222
170,12,6,1500,0.05,backing road,180,0.49088756200000006,0.21111111100000002,9.704897357,7.2178383539999995,10.14379012,800,16.66666667,12.74509804
171,15,6,1500,0.05,backing road,180,0.505279475,0.255555556,3.4992350610000003,3.04693758,3.576040293,683,12.22222222,10.81132075
172,16,6,1500,0.05,backing road,180,0.675618602,0.18888888899999998,6.649918987,9.428433549,6.136962453,1040,17.83333333,12.70769231
173,13,6,1500,0.05,backing road,180,0.41578108399999997,0.21666666699999998,11.80439187,28.38487073,9.814734404,767,20.5,12.88
174,18,6,1500,0.05,backing road,180,0.655650081,0.21111111100000002,4.231844381,4.365378604,4.210979658,937,14.9,12.3125
175,14,6,1500,0.05,backing road,180,0.34018968,0.238888889,6.914439483,9.663488591,6.4321501660000004,874,20.7,11.70175439
176,8,6,1500,0.05,bus flag,180,0.374723989,0.29444444399999997,3.7397536610000004,4.432378613,3.5786780910000004,653,14.9,11.72093023
177,20,6,1500,0.05,backing road,180,0.612627374,0.194444444,6.686030776,5.690023762,6.860768848999999,797,13.4,11.63157895
178,21,6,1500,0.05,backing footway,180,0.669320016,0.161111111,5.887812594,6.436808186,5.7611213039999996,1077,16.0,12.87692308
179,17,6,1500,0.05,backing road,180,0.46632147,0.283333333,6.2340020670000005,7.041445962,6.1545813560000004,865,18.66666667,12.3442623
180,22,6,1500,0.05,backing footway,180,0.6410825379999999,0.20555555600000003,4.668584978999999,5.214446804,4.554524299,959,14.35714286,11.31343284
181,23,6,1500,0.05,backing footway,180,0.462095928,0.18888888899999998,2.305063964,1.994037155,2.343260239,449,5.428571429,7.210526316
182,24,6,1500,0.05,backing footway,180,0.656650196,0.17222222199999998,5.219140775,3.287252347,5.514290396,992,14.90909091,11.5
183,25,6,1500,0.05,backing footway,180,0.641794505,0.21111111100000002,4.124632863,3.615804645,4.191364432,775,13.5,10.93442623
184,27,6,1500,0.05,backing footway,180,0.644717311,0.127777778,4.192468869,2.843979552,4.399928763999999,823,13.6,10.56923077
185,28,6,1500,0.05,backing footway,180,0.571888219,0.194444444,4.088907823,5.228765861,3.9237110060000004,1001,17.8,11.92753623
186,30,6,1500,0.05,backing footway,180,0.620121425,0.21666666699999998,2.832861037,1.999202837,2.9644912789999998,613,8.555555556,9.403508772
187,33,6,1500,0.05,backing building,180,0.674513404,0.177777778,3.6785622439999996,4.6129921089999995,3.541146087,933,17.4,11.16176471
188,31,6,1500,0.05,backing building,180,0.516214747,0.24444444399999998,8.056940821,2.579108259,8.83948833,696,14.71428571,12.10204082
189,29,6,1500,0.05,backing footway,180,0.5067739,0.233333333,3.9013194810000003,4.365051234,3.817004617,759,14.0,11.25454545
190,32,6,1500,0.05,backing building,180,0.524404429,0.20555555600000003,6.9360688779999995,15.61349849,5.834173053,1011,22.25,13.22222222
191,26,6,1500,0.05,backing footway,180,0.462249408,0.18888888899999998,5.678674094,5.441573291,5.717601092000001,1060,16.63636364,13.08955224
192,19,6,1500,0.05,backing road,180,0.30944254600000004,0.272222222,18.71031544,11.18568499,20.68105199,990,22.0,17.80952381
193,37,6,1500,0.05,backing building,180,0.604862562,0.13888888900000002,2.99400285,1.7092917730000001,3.0844754610000003,852,14.0,11.01408451
194,34,6,1500,0.05,backing building,180,0.481136859,0.238888889,5.6194546160000005,5.0755277439999995,5.703135673999999,1029,16.7,13.26153846
195,35,6,1500,0.05,backing building,180,0.42405910399999996,0.233333333,4.2339444010000005,4.251171511,4.230440581,903,18.58333333,11.52542373
196,38,6,1500,0.05,backing building,180,0.49604664200000004,0.20555555600000003,5.426015171,4.340856023,5.581037907000001,806,15.5,12.17857143
197,39,6,1500,0.05,backing building,180,0.626169371,0.166666667,4.058409323999999,4.039428895,4.063645305,867,13.3125,11.27586207
198,36,6,1500,0.05,backing building,180,0.322471048,0.25,3.29741093,2.306625306,3.5030456819999998,638,10.27272727,9.905660377
199,40,6,1500,0.05,backing building,180,0.514457587,0.21111111100000002,7.09026234,12.43794481,6.45173309,1124,18.25,14.59701493
200,3,8,1500,0.05,bus flag,180,0.651809185,0.108333333,2.121557979,2.749144484,2.023497588,520,10.1,6.546875
201,7,8,1500,0.05,bus flag,180,0.652615901,0.091666667,2.0129412280000003,1.9389551390000002,2.031966222,651,8.277777777999999,7.171428571
202,8,8,1500,0.05,bus flag,180,0.650445839,0.145833333,1.7601944999999999,1.641245984,1.7967940430000002,510,8.625,7.153846154
203,6,8,1500,0.05,bus flag,180,0.7976548290000001,0.120833333,2.253942445,2.50700096,2.22616773,761,9.777777777999999,8.207317072999999
204,4,8,1500,0.05,bus flag,180,0.45724529700000005,0.083333333,2.251813055,2.926594193,2.1393495319999998,613,10.81818182,7.484848485
205,5,8,1500,0.05,bus flag,180,0.556643421,0.095833333,4.318249809,6.697086654,3.993862967,581,9.333333332999999,7.53030303
206,2,8,1500,0.05,bus flag,180,0.63588926,0.15,3.079235169,1.358565078,3.362085047,784,10.25,9.054794521
207,1,8,1500,0.05,bus flag,180,0.44524633399999997,0.141666667,3.499485004,3.270934405,3.534402456,783,11.18181818,9.166666667000001
208,11,8,1500,0.05,backing road,180,0.633157644,0.1125,3.41521132,2.7869854689999998,3.5302385889999996,702,9.846153846,8.084507042
209,10,8,1500,0.05,bus flag,180,0.616392672,0.108333333,5.69032127,7.078778032000001,5.5531897379999995,849,11.0,9.395061728
210,13,8,1500,0.05,backing road,180,0.717833713,0.133333333,4.323798808,5.739511488,4.10316826,990,13.25,10.79220779
211,12,8,1500,0.05,backing road,180,0.497301293,0.170833333,3.2144180589999998,6.618266789,2.874033186,511,14.0,7.1166666670000005
212,15,8,1500,0.05,backing road,180,0.38740826100000003,0.120833333,2.779541219,4.574371818,2.5402304730000003,500,11.5,6.8
213,19,8,1500,0.05,backing road,180,0.772080065,0.11666666699999999,3.22739706,4.739422635,3.045953991,695,12.0,7.8266666670000005
214,14,8,1500,0.05,backing road,180,0.48457875,0.15833333300000002,6.637225607,2.364191055,7.247659115,744,11.77777778,10.12698413
215,16,8,1500,0.05,backing road,180,0.463017391,0.1375,2.279761473,4.799625707,2.122269959,695,13.6,7.8375
216,21,8,1500,0.05,backing footway,180,0.672904182,0.15416666699999998,4.774121674,6.67850176,4.350926099,660,10.07142857,8.238095238
217,9,8,1500,0.05,bus flag,180,0.43071923,0.179166667,5.3640215410000005,7.239981198,4.895031627,1005,14.70588235,11.10294118
218,22,8,1500,0.05,backing footway,180,0.758074652,0.091666667,1.929873845,1.7833609469999998,1.9680946,766,10.38888889,8.391304348
219,23,8,1500,0.05,backing footway,180,0.6087980479999999,0.120833333,2.670391525,3.192592794,2.586165514,562,10.2,7.4193548389999995
220,24,8,1500,0.05,backing footway,180,0.7714583340000001,0.1375,3.6198757589999997,5.0103078619999994,3.4262712889999998,838,13.81818182,8.683544304
221,18,8,1500,0.05,backing road,180,0.478631553,0.166666667,5.165063452,8.456872766,4.733350755,674,14.75,9.114754097999999
222,17,8,1500,0.05,backing road,180,0.32721851,0.204166667,4.2613917169999995,3.577847251,4.378875922,778,15.18181818,9.546875
223,25,8,1500,0.05,backing footway,180,0.6564457920000001,0.141666667,1.8574232069999999,1.712145665,1.8729886580000001,778,10.0,8.19047619
224,27,8,1500,0.05,backing footway,180,0.588460132,0.12916666699999999,3.058999628,5.381114202000001,2.8332384889999997,650,12.14285714,7.847222222
225,20,8,1500,0.05,backing road,180,0.44700490200000004,0.2,4.927695647,3.534431548,5.0625276569999995,688,15.16666667,9.629032257999999
226,29,8,1500,0.05,backing footway,180,0.724645918,0.10416666699999999,3.104749623,3.500810051,3.02320777,633,9.428571429,7.367647058999999
227,32,8,1500,0.05,backing building,180,0.599216386,0.095833333,1.7825654690000001,1.6697251,1.810313101,531,8.133333333,6.704918032999999
228,31,8,1500,0.05,backing building,180,0.639513332,0.120833333,2.836621891,3.466032481,2.77626745,666,11.0,8.068493151
229,30,8,1500,0.05,backing footway,180,0.530247755,0.1125,4.220224995,5.393200277999999,4.012355957,975,13.71428571,9.911392405
230,34,8,1500,0.05,backing building,180,0.568747773,0.108333333,3.4096995810000004,2.051071727,3.6726598110000004,560,9.333333332999999,7.2258064520000005
231,28,8,1500,0.05,backing footway,180,0.579141682,0.15833333300000002,4.403832891,4.639655607,4.361595987,813,13.33333333,9.746268657
232,26,8,1500,0.05,backing footway,180,0.42814059,0.166666667,2.519287576,1.686834875,2.633322193,800,11.1,9.438356164
233,37,8,1500,0.05,backing building,180,0.5670466989999999,0.125,3.2448888989999998,4.3769078939999995,3.127276536,831,17.5,8.974025974
234,39,8,1500,0.05,backing building,180,0.454359071,0.1375,2.621888216,2.12368578,2.651194241,613,8.25,8.529411765
235,35,8,1500,0.05,backing building,180,0.494803725,0.18333333300000001,3.916456747,2.761592645,4.194479586,640,9.076923077,9.666666667000001
236,36,8,1500,0.05,backing building,180,0.38492912,0.179166667,3.654050614,2.667291374,3.8783140780000003,831,13.66666667,9.484848485
237,33,8,1500,0.05,backing building,180,0.47569381299999997,0.204166667,4.6639364180000005,4.859539815,4.602810357,605,10.26666667,9.395833332999999
238,40,8,1500,0.05,backing building,180,0.568127364,0.1375,4.823598328,3.553144449,5.130966202,652,10.2,8.048387097
239,38,8,1500,0.05,backing building,180,0.422807503,0.19166666699999999,3.494265519,1.174760427,3.639234587,621,10.5,9.046875
